Edwin Mikels  ,1871129104416,edwinmikels@test.com,14546789321,alba,abrud,inginer,,235fbc1bab155c5af4c7a7d372004f24:219-11-22:ISU;235fbc1bab155c5af4c7a7d372002d86:2018-07-15:ISU
Desirae Kmetz  ,2890831247315,desiraekmetz@test.com,14546789322,alba,abrud,profesor,,235fbc1bab155c5af4c7a7d372003021:2018-07-15:ISU;235fbc1bab155c5af4c7a7d372004f24:2015-02-23:ISU
Renita Redel  ,6001118331107,renitaredel@test.com,14546789323,alba,abrud,medic,,235fbc1bab155c5af4c7a7d372003021:2015-02-23:ISU;235fbc1bab155c5af4c7a7d3720069c7:2015-02-23:ISU
Mack Rodrick  ,1880731044579,mackrodrick@test.com,14546789324,alba,abrud,student,,235fbc1bab155c5af4c7a7d372004f24:219-11-22:ISU;235fbc1bab155c5af4c7a7d372004f24:2015-02-23:ISU
Emiko Feuerstein  ,1891208385964,emikofeuerstein@test.com,14546789325,alba,abrud,vanzator,,235fbc1bab155c5af4c7a7d372004f24:219-11-22:ISU;235fbc1bab155c5af4c7a7d372003021:219-11-22:ISU
Elna Gobble  ,1910820267601,elnagobble@test.com,14546789326,alba,abrud,inginer,,235fbc1bab155c5af4c7a7d372003021:2015-02-23:ISU;235fbc1bab155c5af4c7a7d372004f24:2018-07-15:ISU
Renata Straub  ,5000805115927,renatastraub@test.com,14546789327,alba,abrud,profesor,,235fbc1bab155c5af4c7a7d372004f24:219-11-22:ISU;235fbc1bab155c5af4c7a7d372003021:2018-07-15:ISU
Sheridan Meinke  ,1871129104416,sheridanmeinke@test.com,14546789328,alba,abrud,medic,,235fbc1bab155c5af4c7a7d372002d86:2015-02-23:ISU;235fbc1bab155c5af4c7a7d372001138:219-11-22:ISU
Deloras Hileman  ,2890831247315,delorashileman@test.com,14546789329,alba,abrud,student,,235fbc1bab155c5af4c7a7d372001138:2015-02-23:ISU;235fbc1bab155c5af4c7a7d372002d86:219-11-22:ISU
Guy Bussey  ,6001118331107,guybussey@test.com,14546789330,alba,abrud,vanzator,,235fbc1bab155c5af4c7a7d372002d86:219-11-22:ISU;235fbc1bab155c5af4c7a7d372002d86:2018-07-15:ISU
Leanna Lembo  ,1880731044579,leannalembo@test.com,14546789331,alba,abrud,inginer,,235fbc1bab155c5af4c7a7d3720069c7:2018-07-15:ISU;235fbc1bab155c5af4c7a7d372002d86:219-11-22:ISU
Kesha Desimone  ,1891208385964,keshadesimone@test.com,14546789332,alba,abrud,profesor,,235fbc1bab155c5af4c7a7d372002d86:219-11-22:ISU;235fbc1bab155c5af4c7a7d372001138:2015-02-23:ISU
Neil Monday  ,1910820267601,neilmonday@test.com,14546789333,alba,abrud,medic,,235fbc1bab155c5af4c7a7d372003021:2015-02-23:ISU;235fbc1bab155c5af4c7a7d372004f24:219-11-22:ISU
Mariam Rozzell  ,5000805115927,mariamrozzell@test.com,14546789334,alba,abrud,student,,235fbc1bab155c5af4c7a7d372001138:2015-02-23:ISU;235fbc1bab155c5af4c7a7d372004f24:2018-07-15:ISU
Catherine Chilson  ,1871129104416,catherinechilson@test.com,14546789335,alba,abrud,vanzator,,235fbc1bab155c5af4c7a7d3720069c7:219-11-22:ISU;235fbc1bab155c5af4c7a7d372003021:2018-07-15:ISU
Lavonda Mawson  ,2890831247315,lavondamawson@test.com,14546789336,alba,abrud,inginer,,235fbc1bab155c5af4c7a7d372004f24:2015-02-23:ISU;235fbc1bab155c5af4c7a7d372004f24:2018-07-15:ISU
Chadwick Crozier  ,6001118331107,chadwickcrozier@test.com,14546789337,alba,abrud,profesor,,235fbc1bab155c5af4c7a7d372004f24:2015-02-23:ISU;235fbc1bab155c5af4c7a7d372004f24:2018-07-15:ISU
Mitchell Dearborn  ,1880731044579,mitchelldearborn@test.com,14546789338,alba,abrud,medic,,235fbc1bab155c5af4c7a7d372001138:219-11-22:ISU;235fbc1bab155c5af4c7a7d372003021:219-11-22:ISU
John Gullette  ,1891208385964,johngullette@test.com,14546789339,alba,abrud,student,,235fbc1bab155c5af4c7a7d3720069c7:2018-07-15:ISU;235fbc1bab155c5af4c7a7d372001138:2015-02-23:ISU
Kia Jasmin  ,1910820267601,kiajasmin@test.com,14546789340,alba,abrud,vanzator,,235fbc1bab155c5af4c7a7d372003021:219-11-22:ISU;235fbc1bab155c5af4c7a7d372004f24:2018-07-15:ISU
